               epoch,      train/box_loss,      train/obj_loss,      train/cls_loss,   metrics/precision,      metrics/recall,     metrics/mAP_0.5,metrics/mAP_0.5:0.95,        val/box_loss,        val/obj_loss,        val/cls_loss,               x/lr0,               x/lr1,               x/lr2
                   0,             0.10014,             0.01287,            0.039749,                   0,                   0,                   0,                   0,              0.0917,           0.0093563,            0.036539,            0.070857,           0.0032381,           0.0032381
                   1,            0.096042,            0.011755,            0.037374,                   0,                   0,                   0,                   0,            0.087315,            0.010083,            0.033389,            0.040835,           0.0065497,           0.0065497
                   2,            0.088209,             0.01227,            0.033491,          0.00016136,           0.0050168,          9.6747e-05,          2.8109e-05,            0.084829,            0.010899,            0.030552,            0.010792,           0.0098394,           0.0098394
                   3,             0.08448,            0.012628,            0.031902,          0.00050025,            0.022173,          0.00026787,          4.3389e-05,            0.082778,             0.01163,            0.030773,            0.009901,            0.009901,            0.009901
                   4,             0.08841,            0.013471,            0.032357,           0.0011539,            0.023428,          0.00067496,           0.0001505,            0.082307,            0.011707,            0.029106,            0.009901,            0.009901,            0.009901
                   5,            0.087929,            0.013202,            0.033083,          0.00044165,            0.036406,           0.0010594,          0.00026847,            0.081806,            0.011721,            0.027669,            0.009868,            0.009868,            0.009868
                   6,            0.087629,            0.013255,            0.032108,           0.0011898,            0.061189,           0.0018911,          0.00048918,            0.080286,            0.012178,            0.028995,            0.009835,            0.009835,            0.009835
                   7,            0.081654,            0.013663,            0.029687,           0.0017808,            0.097116,           0.0029904,          0.00071273,            0.079888,            0.012234,            0.028257,            0.009802,            0.009802,            0.009802
                   8,            0.084483,            0.014021,            0.031895,           0.0020582,             0.12283,           0.0053934,           0.0012127,            0.077456,            0.013981,            0.027984,            0.009769,            0.009769,            0.009769
                   9,            0.085477,            0.014402,            0.032122,             0.87516,            0.023102,            0.016083,            0.004297,            0.073762,            0.014154,            0.027405,            0.009736,            0.009736,            0.009736
                  10,             0.08098,            0.015135,            0.028284,             0.17835,            0.037954,            0.014782,           0.0036411,            0.071411,            0.014696,            0.027415,            0.009703,            0.009703,            0.009703
                  11,            0.069779,            0.015201,            0.028006,            0.045881,             0.10604,            0.031602,           0.0080801,            0.065638,            0.014667,             0.02605,             0.00967,             0.00967,             0.00967
                  12,            0.066949,            0.014779,            0.027391,            0.068365,             0.15405,            0.042306,            0.010585,            0.058997,            0.014455,             0.02548,            0.009637,            0.009637,            0.009637
                  13,            0.064174,            0.014822,            0.026067,             0.05464,             0.20009,            0.053993,            0.015752,            0.060369,            0.013571,            0.025133,            0.009604,            0.009604,            0.009604
                  14,            0.066631,            0.015653,            0.026281,             0.08113,             0.22739,            0.069049,            0.017898,            0.056013,            0.012662,            0.024911,            0.009571,            0.009571,            0.009571
                  15,            0.061231,            0.014063,            0.026203,             0.11306,              0.2797,             0.11006,            0.032786,            0.053589,            0.012432,            0.024478,            0.009538,            0.009538,            0.009538
                  16,            0.063209,            0.014064,            0.026464,             0.16481,               0.308,             0.18792,            0.062408,            0.049917,            0.012275,            0.023912,            0.009505,            0.009505,            0.009505
                  17,            0.058901,            0.014139,            0.026937,             0.16183,             0.30572,             0.17248,            0.059063,             0.04723,            0.012107,            0.023785,            0.009472,            0.009472,            0.009472
                  18,            0.058719,            0.014031,            0.026514,             0.13169,              0.3425,             0.17095,            0.049553,            0.046437,            0.012011,            0.023434,            0.009439,            0.009439,            0.009439
                  19,            0.059723,            0.013996,            0.024028,             0.18714,             0.35832,             0.22896,            0.083707,            0.047446,            0.012072,            0.023088,            0.009406,            0.009406,            0.009406
                  20,            0.056743,            0.014303,            0.025233,             0.24145,             0.34777,              0.2611,            0.095225,            0.045837,            0.012023,            0.022318,            0.009373,            0.009373,            0.009373
                  21,            0.053661,             0.01412,            0.023418,              0.2079,             0.34258,              0.2359,            0.075314,            0.046045,            0.011632,            0.021972,             0.00934,             0.00934,             0.00934
                  22,             0.05877,            0.013884,            0.025125,             0.22337,             0.34089,             0.21535,            0.058924,             0.04418,            0.011913,            0.021747,            0.009307,            0.009307,            0.009307
                  23,            0.055583,            0.013797,            0.023101,             0.25147,             0.34093,             0.26177,            0.094187,            0.043415,            0.013133,            0.021533,            0.009274,            0.009274,            0.009274
                  24,            0.051478,             0.01425,            0.020909,             0.27327,             0.40935,             0.29067,            0.096357,            0.041986,             0.01161,            0.020636,            0.009241,            0.009241,            0.009241
                  25,            0.050443,            0.013868,             0.02216,             0.29461,             0.37774,             0.29861,             0.10382,            0.041245,            0.011362,            0.020441,            0.009208,            0.009208,            0.009208
                  26,            0.051203,            0.012967,            0.021414,             0.27761,             0.38325,             0.29191,            0.093818,            0.043791,            0.010942,            0.020221,            0.009175,            0.009175,            0.009175
                  27,            0.054104,            0.013728,            0.020063,             0.30276,             0.43512,             0.33782,             0.11879,            0.044564,            0.011706,            0.019731,            0.009142,            0.009142,            0.009142
                  28,            0.051612,            0.013505,            0.021898,             0.27445,             0.35356,             0.27912,             0.10131,            0.047629,            0.010892,            0.019025,            0.009109,            0.009109,            0.009109
                  29,            0.051341,            0.013504,            0.021657,             0.33065,             0.43947,             0.35746,              0.1306,            0.040898,            0.011072,            0.019082,            0.009076,            0.009076,            0.009076
                  30,            0.051884,            0.013775,            0.021362,             0.35583,             0.45839,             0.41038,             0.14096,            0.040021,            0.011101,            0.019266,            0.009043,            0.009043,            0.009043
                  31,            0.050972,            0.013543,            0.020557,             0.49829,             0.45969,             0.42058,              0.1617,              0.0383,            0.011352,            0.019273,             0.00901,             0.00901,             0.00901
                  32,            0.051557,            0.013566,             0.01911,             0.44742,             0.42705,             0.35876,             0.11241,            0.039766,            0.011452,            0.020091,            0.008977,            0.008977,            0.008977
                  33,            0.050986,            0.012935,            0.019087,             0.42782,             0.46138,             0.40344,             0.14706,            0.037719,            0.011622,            0.017954,            0.008944,            0.008944,            0.008944
                  34,            0.048537,            0.013133,            0.019419,             0.46438,             0.49984,              0.4319,             0.15436,             0.03833,             0.01128,            0.017624,            0.008911,            0.008911,            0.008911
                  35,            0.049584,            0.013018,            0.019029,             0.44839,             0.49837,             0.41353,             0.13388,             0.04078,            0.011161,            0.017745,            0.008878,            0.008878,            0.008878
                  36,            0.048582,            0.013415,            0.018184,             0.51955,             0.49272,              0.4721,             0.16181,            0.040266,            0.010651,            0.016882,            0.008845,            0.008845,            0.008845
                  37,            0.047996,            0.012996,            0.018165,             0.49276,             0.51944,             0.46128,             0.16535,            0.036897,            0.010675,            0.017024,            0.008812,            0.008812,            0.008812
                  38,            0.048009,             0.01262,            0.018254,             0.56867,             0.55166,             0.48839,             0.18082,            0.038855,             0.01074,            0.017737,            0.008779,            0.008779,            0.008779
                  39,            0.047042,             0.01294,            0.018251,             0.48892,             0.44111,             0.38991,             0.14036,            0.041156,            0.010716,             0.01839,            0.008746,            0.008746,            0.008746
                  40,            0.044653,            0.012731,            0.017659,             0.56198,             0.54693,             0.48185,             0.17695,            0.036506,            0.010631,            0.015937,            0.008713,            0.008713,            0.008713
                  41,            0.047863,            0.012895,            0.016975,             0.50867,             0.52321,             0.45489,             0.16924,            0.038045,            0.010985,            0.015983,             0.00868,             0.00868,             0.00868
                  42,            0.042606,             0.01255,            0.016685,             0.57042,             0.53786,             0.47793,              0.1743,            0.035459,            0.010879,            0.015602,            0.008647,            0.008647,            0.008647
                  43,            0.045187,            0.012322,            0.015643,             0.59587,               0.533,             0.51819,             0.19719,            0.034297,            0.010447,             0.01578,            0.008614,            0.008614,            0.008614
                  44,            0.044378,            0.012442,            0.016701,             0.61738,             0.54011,              0.5365,             0.20528,            0.033379,            0.010262,            0.015215,            0.008581,            0.008581,            0.008581
                  45,            0.046573,            0.012485,            0.016125,             0.59185,             0.58563,              0.5349,             0.20779,            0.035257,           0.0099498,            0.015396,            0.008548,            0.008548,            0.008548
                  46,            0.045816,            0.012522,            0.014999,             0.56948,             0.60518,             0.55192,             0.20695,            0.036145,            0.010081,            0.014254,            0.008515,            0.008515,            0.008515
                  47,            0.046335,             0.01242,            0.015193,             0.61965,             0.53662,             0.51915,             0.19961,            0.037229,            0.010023,            0.014874,            0.008482,            0.008482,            0.008482
                  48,            0.039047,            0.012266,            0.015001,             0.62956,             0.53656,             0.53819,             0.20391,            0.035687,            0.010177,            0.014897,            0.008449,            0.008449,            0.008449
                  49,            0.042064,            0.011746,             0.01423,             0.62874,             0.60125,             0.57589,             0.22887,            0.036047,            0.010038,            0.013847,            0.008416,            0.008416,            0.008416
                  50,            0.046054,            0.012242,            0.014731,             0.62682,             0.58818,             0.54766,             0.19421,            0.036126,            0.010059,            0.013792,            0.008383,            0.008383,            0.008383
                  51,            0.046384,             0.01191,            0.013963,             0.62094,             0.59852,             0.58657,             0.21208,            0.035394,            0.010005,            0.013307,             0.00835,             0.00835,             0.00835
                  52,            0.043714,            0.012376,            0.013232,                0.58,             0.59644,             0.53759,             0.20099,            0.037764,            0.010211,            0.013502,            0.008317,            0.008317,            0.008317
                  53,            0.044898,            0.011618,            0.013321,             0.58364,             0.55049,               0.512,             0.17975,            0.035212,            0.010012,            0.012697,            0.008284,            0.008284,            0.008284
                  54,            0.039478,            0.011736,            0.012728,             0.68576,             0.61754,             0.61432,              0.2481,            0.033057,            0.009582,            0.011732,            0.008251,            0.008251,            0.008251
                  55,            0.038683,            0.012015,            0.012612,             0.64493,             0.66039,             0.63782,             0.25783,            0.032312,             0.00969,            0.011793,            0.008218,            0.008218,            0.008218
                  56,            0.040427,            0.012462,            0.012293,              0.6837,              0.6418,             0.63946,              0.2521,            0.032458,           0.0096707,            0.010438,            0.008185,            0.008185,            0.008185
                  57,             0.04481,            0.011475,             0.01263,              0.6812,              0.6488,             0.64757,             0.25758,            0.034875,           0.0095564,            0.011013,            0.008152,            0.008152,            0.008152
                  58,            0.041568,            0.011495,            0.012758,              0.7326,             0.61933,              0.6573,             0.26315,            0.036287,            0.010079,            0.010658,            0.008119,            0.008119,            0.008119
                  59,            0.040298,            0.011712,            0.012054,             0.73021,             0.65034,             0.65258,             0.25956,            0.032688,            0.009738,            0.010879,            0.008086,            0.008086,            0.008086
                  60,            0.042235,            0.011676,            0.011779,             0.66485,             0.65453,             0.64307,             0.24049,             0.03434,           0.0093646,            0.010827,            0.008053,            0.008053,            0.008053
                  61,            0.041279,            0.011733,              0.0128,             0.64086,             0.67006,             0.64256,             0.24186,            0.033097,            0.009412,           0.0099731,             0.00802,             0.00802,             0.00802
                  62,            0.045562,            0.011778,             0.01109,             0.70088,             0.68568,             0.68192,             0.25958,            0.033101,            0.009373,            0.010447,            0.007987,            0.007987,            0.007987
                  63,            0.040294,            0.011887,            0.011449,             0.69377,             0.70452,             0.67233,             0.26507,            0.032729,           0.0093512,           0.0092499,            0.007954,            0.007954,            0.007954
                  64,            0.040085,             0.01154,            0.010756,             0.69767,             0.65875,             0.65077,             0.24707,            0.033251,           0.0094231,           0.0088818,            0.007921,            0.007921,            0.007921
                  65,            0.041679,            0.011327,            0.011064,             0.73902,             0.61053,             0.64818,             0.26051,            0.032279,           0.0093283,           0.0085547,            0.007888,            0.007888,            0.007888
                  66,            0.040788,            0.011523,            0.010995,             0.69115,             0.63496,             0.65225,             0.26575,            0.034276,            0.009685,            0.010003,            0.007855,            0.007855,            0.007855
                  67,             0.04175,            0.011956,             0.01148,             0.69075,             0.68166,             0.67169,             0.27727,            0.032975,           0.0094092,           0.0091942,            0.007822,            0.007822,            0.007822
                  68,            0.041869,            0.011539,            0.012364,              0.7141,             0.67586,             0.66587,             0.26558,            0.033386,           0.0090676,            0.010149,            0.007789,            0.007789,            0.007789
                  69,            0.040806,              0.0117,            0.012676,             0.67139,             0.65288,              0.6583,             0.26738,            0.033301,           0.0099748,           0.0093165,            0.007756,            0.007756,            0.007756
                  70,            0.039013,            0.011981,            0.010565,             0.64212,             0.68833,             0.65738,             0.24656,            0.032497,           0.0094889,           0.0095858,            0.007723,            0.007723,            0.007723
                  71,            0.042656,            0.011945,            0.011465,             0.78951,             0.62198,             0.67532,             0.26852,            0.030432,            0.010013,           0.0094846,             0.00769,             0.00769,             0.00769
                  72,            0.044082,            0.011825,            0.011444,             0.70274,             0.68817,             0.68793,             0.26807,            0.030541,           0.0098962,           0.0085438,            0.007657,            0.007657,            0.007657
                  73,            0.040206,            0.011337,             0.01116,             0.73563,             0.69962,              0.7002,             0.27028,            0.034091,           0.0095692,           0.0083041,            0.007624,            0.007624,            0.007624
                  74,            0.039835,            0.011044,            0.010338,             0.73365,             0.68133,             0.70794,             0.28778,            0.033364,           0.0094756,           0.0093773,            0.007591,            0.007591,            0.007591
                  75,              0.0414,            0.011679,            0.010546,             0.74758,             0.67779,              0.7158,             0.28476,            0.031643,           0.0093729,           0.0087147,            0.007558,            0.007558,            0.007558
                  76,            0.039559,            0.011303,            0.010464,             0.74807,             0.72574,             0.72988,             0.30474,            0.031519,           0.0092417,           0.0077943,            0.007525,            0.007525,            0.007525
                  77,            0.039563,            0.010942,           0.0094243,             0.77434,             0.70991,             0.72555,              0.2843,            0.033867,           0.0092322,           0.0081466,            0.007492,            0.007492,            0.007492
                  78,             0.04014,             0.01134,           0.0091865,             0.83048,             0.70683,             0.76622,             0.30316,            0.033578,           0.0091398,           0.0079944,            0.007459,            0.007459,            0.007459
                  79,            0.041298,            0.010828,           0.0098864,             0.82004,              0.7141,             0.76313,             0.30364,            0.032028,           0.0091695,           0.0071242,            0.007426,            0.007426,            0.007426
                  80,            0.039188,            0.011658,           0.0086984,             0.82844,             0.71589,             0.77322,             0.31936,            0.030533,           0.0090186,            0.007381,            0.007393,            0.007393,            0.007393
                  81,            0.042485,            0.011369,           0.0098973,             0.82692,             0.70666,             0.76827,             0.31665,            0.032463,           0.0090909,           0.0071163,             0.00736,             0.00736,             0.00736
                  82,            0.041452,            0.011443,           0.0083176,             0.76361,             0.70568,             0.72706,             0.27724,             0.03162,           0.0089361,           0.0067886,            0.007327,            0.007327,            0.007327
                  83,            0.037862,            0.010852,           0.0088137,             0.81522,             0.74588,             0.77925,             0.31675,            0.029878,           0.0088004,            0.006537,            0.007294,            0.007294,            0.007294
                  84,            0.037647,            0.011174,           0.0079263,             0.77357,             0.69996,             0.74458,             0.30168,            0.032314,           0.0090931,           0.0079465,            0.007261,            0.007261,            0.007261
                  85,            0.036885,            0.011193,           0.0085868,             0.85559,             0.66496,             0.73738,             0.31066,            0.030141,            0.009259,           0.0074371,            0.007228,            0.007228,            0.007228
                  86,            0.040315,            0.010883,            0.010014,             0.85976,             0.68983,             0.74738,             0.29829,            0.031711,           0.0091069,           0.0076003,            0.007195,            0.007195,            0.007195
                  87,            0.037933,            0.011059,           0.0088021,             0.82533,             0.74443,             0.78052,             0.33376,            0.030594,           0.0090404,           0.0073693,            0.007162,            0.007162,            0.007162
                  88,            0.037764,            0.010959,           0.0081028,             0.87725,             0.71686,             0.78191,             0.32345,            0.032309,           0.0088157,           0.0074541,            0.007129,            0.007129,            0.007129
                  89,            0.039091,            0.010982,           0.0084337,             0.79117,             0.69681,             0.71269,             0.27102,            0.032328,           0.0090234,             0.00714,            0.007096,            0.007096,            0.007096
                  90,            0.041558,            0.011157,           0.0092584,             0.84028,             0.72732,             0.75431,             0.30782,            0.031292,           0.0090192,           0.0076714,            0.007063,            0.007063,            0.007063
                  91,            0.040082,            0.010572,           0.0077762,             0.84994,             0.73633,             0.79611,             0.32728,            0.029218,            0.009115,           0.0061054,             0.00703,             0.00703,             0.00703
                  92,            0.039051,            0.010709,           0.0085214,             0.83347,             0.73556,             0.77178,             0.29329,            0.031058,           0.0087643,           0.0061244,            0.006997,            0.006997,            0.006997
                  93,              0.0369,            0.010799,           0.0079384,              0.8206,             0.75631,             0.78662,             0.33394,            0.029055,           0.0085621,           0.0061354,            0.006964,            0.006964,            0.006964
                  94,            0.038502,            0.011123,           0.0084253,             0.85056,              0.7512,              0.7854,             0.31233,             0.03085,           0.0087028,           0.0059072,            0.006931,            0.006931,            0.006931
                  95,            0.037927,            0.010593,           0.0078788,             0.86836,             0.77376,              0.8204,             0.34778,            0.028907,           0.0087562,           0.0056303,            0.006898,            0.006898,            0.006898
                  96,            0.034586,            0.011218,            0.007296,             0.88575,             0.76544,             0.82505,             0.35121,            0.029298,           0.0087088,           0.0062455,            0.006865,            0.006865,            0.006865
                  97,            0.037688,            0.011005,           0.0074527,              0.8438,             0.75291,             0.79309,             0.32946,            0.029156,           0.0085501,           0.0060974,            0.006832,            0.006832,            0.006832
                  98,            0.035769,            0.010476,           0.0076662,             0.87014,             0.75778,             0.79993,             0.33767,             0.03039,           0.0085207,           0.0058606,            0.006799,            0.006799,            0.006799
                  99,            0.037902,             0.01045,            0.008493,             0.86543,             0.78639,             0.82289,             0.36367,            0.028994,           0.0084304,           0.0058459,            0.006766,            0.006766,            0.006766
                 100,            0.036253,            0.010672,           0.0075569,             0.89716,             0.76275,             0.81184,             0.33724,            0.030958,           0.0086409,            0.005408,            0.006733,            0.006733,            0.006733
                 101,            0.037596,            0.010546,           0.0077683,             0.87222,             0.77042,             0.80164,              0.3356,            0.031925,           0.0087007,           0.0053308,              0.0067,              0.0067,              0.0067
                 102,            0.039394,            0.010295,           0.0074475,             0.85269,             0.75277,             0.78956,             0.32762,            0.031511,           0.0086634,           0.0054283,            0.006667,            0.006667,            0.006667
                 103,            0.037701,            0.010449,           0.0085233,             0.89165,             0.73209,             0.80059,             0.34992,             0.03008,           0.0085857,           0.0051086,            0.006634,            0.006634,            0.006634
                 104,            0.038021,            0.010551,           0.0083496,             0.87752,             0.74721,             0.80424,             0.35261,             0.02861,           0.0087498,           0.0050859,            0.006601,            0.006601,            0.006601
                 105,            0.035979,             0.01062,           0.0074324,             0.88237,             0.76737,              0.8169,             0.34912,            0.029115,           0.0085016,           0.0049738,            0.006568,            0.006568,            0.006568
                 106,            0.036618,            0.010904,           0.0064166,             0.82016,             0.76572,              0.8098,             0.35029,            0.029615,           0.0090963,           0.0049392,            0.006535,            0.006535,            0.006535
                 107,            0.036402,            0.010588,           0.0085243,             0.88073,             0.74728,             0.81664,             0.34452,            0.030074,           0.0085847,           0.0051865,            0.006502,            0.006502,            0.006502
                 108,            0.034092,            0.010721,           0.0079175,             0.86792,             0.79796,             0.83059,             0.35153,            0.028107,           0.0084357,           0.0052825,            0.006469,            0.006469,            0.006469
                 109,            0.038338,            0.010296,           0.0075963,             0.88502,             0.75708,             0.81351,             0.35266,            0.029952,           0.0083758,           0.0050163,            0.006436,            0.006436,            0.006436
                 110,            0.037385,            0.010645,           0.0069203,             0.90005,             0.75249,             0.81095,               0.345,            0.029241,           0.0084638,           0.0047606,            0.006403,            0.006403,            0.006403
                 111,            0.034945,            0.010449,           0.0066547,             0.89117,             0.76954,             0.82468,             0.34692,            0.029003,           0.0084243,            0.004884,             0.00637,             0.00637,             0.00637
                 112,            0.035286,            0.010714,           0.0071848,             0.89334,             0.76202,             0.82083,              0.3543,            0.029827,            0.008518,           0.0049734,            0.006337,            0.006337,            0.006337
                 113,            0.035403,            0.010459,           0.0076995,             0.88027,             0.79774,             0.84406,             0.36324,             0.02896,           0.0083764,           0.0051672,            0.006304,            0.006304,            0.006304
                 114,            0.038129,            0.010103,           0.0073153,             0.91137,             0.78456,             0.83513,             0.35218,             0.02978,           0.0084766,           0.0047483,            0.006271,            0.006271,            0.006271
                 115,            0.035048,            0.010183,           0.0073286,             0.88975,             0.76965,             0.82589,             0.35492,            0.029457,           0.0088726,           0.0048128,            0.006238,            0.006238,            0.006238
                 116,            0.036909,            0.010794,           0.0065669,             0.90114,             0.77714,             0.83927,              0.3478,            0.029139,           0.0085987,           0.0045506,            0.006205,            0.006205,            0.006205
                 117,            0.035198,            0.010228,           0.0062209,             0.87362,             0.73738,             0.79645,             0.33682,            0.028991,           0.0089704,           0.0058298,            0.006172,            0.006172,            0.006172
                 118,            0.034667,            0.010397,           0.0066976,             0.90056,             0.78518,             0.83468,              0.3612,            0.029533,           0.0083389,           0.0047404,            0.006139,            0.006139,            0.006139
                 119,            0.035658,           0.0098284,           0.0073456,             0.91373,             0.77488,             0.84233,             0.34983,            0.029273,           0.0082331,           0.0047012,            0.006106,            0.006106,            0.006106
                 120,            0.034862,            0.010072,           0.0064972,             0.88732,             0.79144,             0.83525,             0.36817,            0.029128,           0.0084025,           0.0046406,            0.006073,            0.006073,            0.006073
                 121,            0.034424,            0.010454,           0.0057536,              0.8985,             0.79994,             0.84585,             0.37259,            0.028738,           0.0082325,           0.0044647,             0.00604,             0.00604,             0.00604
                 122,            0.035706,            0.010521,           0.0076447,             0.90255,             0.82021,             0.85781,             0.37242,            0.027991,           0.0082168,           0.0041909,            0.006007,            0.006007,            0.006007
                 123,            0.031538,           0.0099599,           0.0062743,             0.89502,             0.78974,             0.84162,             0.37103,            0.028318,           0.0083412,           0.0055166,            0.005974,            0.005974,            0.005974
                 124,            0.037567,            0.010773,           0.0069756,             0.90696,             0.81007,             0.84952,             0.36872,             0.02711,           0.0080788,            0.004297,            0.005941,            0.005941,            0.005941
                 125,             0.03777,            0.010271,           0.0071514,             0.90487,             0.78633,              0.8495,             0.37831,            0.028391,           0.0081642,           0.0048849,            0.005908,            0.005908,            0.005908
                 126,            0.036923,           0.0099059,           0.0071605,             0.91354,             0.80969,             0.85246,             0.38492,            0.028219,           0.0080133,           0.0041479,            0.005875,            0.005875,            0.005875
                 127,            0.034487,           0.0099309,           0.0056171,              0.9046,             0.82352,             0.85365,             0.37377,            0.028983,           0.0079974,           0.0040477,            0.005842,            0.005842,            0.005842
                 128,            0.033903,             0.01002,           0.0068554,             0.90449,             0.81078,             0.85544,              0.3751,            0.029182,           0.0079279,           0.0043254,            0.005809,            0.005809,            0.005809
                 129,            0.033041,            0.010125,           0.0068106,             0.89506,             0.83231,             0.86544,             0.37707,            0.028727,           0.0078624,           0.0044243,            0.005776,            0.005776,            0.005776
                 130,             0.03526,            0.010151,           0.0058675,             0.93155,             0.80504,             0.85513,             0.35785,            0.029804,           0.0080823,           0.0038991,            0.005743,            0.005743,            0.005743
                 131,            0.032575,           0.0097501,           0.0056604,             0.92797,             0.82556,             0.85788,             0.39039,            0.028011,            0.007851,           0.0039746,             0.00571,             0.00571,             0.00571
                 132,             0.03135,           0.0096993,           0.0058806,             0.91955,             0.83037,             0.86386,              0.3965,            0.027576,           0.0077949,           0.0040427,            0.005677,            0.005677,            0.005677
                 133,            0.033416,            0.010005,           0.0057682,             0.90585,             0.82688,             0.86371,             0.37606,            0.027989,           0.0079103,           0.0041826,            0.005644,            0.005644,            0.005644
                 134,            0.033121,            0.010069,           0.0058338,             0.90964,             0.82291,              0.8659,             0.37565,            0.027424,           0.0078831,           0.0041793,            0.005611,            0.005611,            0.005611
                 135,            0.034214,           0.0097339,           0.0065707,              0.9295,             0.80369,             0.86508,             0.38458,            0.026428,           0.0079992,           0.0040581,            0.005578,            0.005578,            0.005578
                 136,            0.032588,           0.0098073,            0.005662,             0.93345,                0.81,             0.86479,             0.40037,             0.02754,           0.0079523,           0.0041216,            0.005545,            0.005545,            0.005545
                 137,            0.032711,           0.0097211,           0.0069987,             0.93943,              0.8092,             0.86235,             0.39876,            0.027661,           0.0078881,           0.0039359,            0.005512,            0.005512,            0.005512
                 138,            0.030333,           0.0094326,           0.0052726,             0.92483,              0.8254,             0.86881,             0.38336,             0.02787,           0.0080487,           0.0042399,            0.005479,            0.005479,            0.005479
                 139,            0.037889,            0.010086,           0.0059978,             0.92696,             0.82332,             0.87051,             0.38064,            0.028783,           0.0079958,           0.0039417,            0.005446,            0.005446,            0.005446
                 140,             0.03158,           0.0096841,           0.0054316,             0.91083,             0.82595,             0.86488,             0.38077,            0.030376,           0.0078544,           0.0040955,            0.005413,            0.005413,            0.005413
                 141,            0.035271,             0.00997,           0.0056408,             0.93947,             0.81819,             0.86544,             0.37389,             0.02794,           0.0079476,           0.0039918,             0.00538,             0.00538,             0.00538
                 142,            0.032508,           0.0098025,           0.0051969,             0.93671,             0.80566,             0.85039,             0.37407,            0.027737,           0.0079675,           0.0040104,            0.005347,            0.005347,            0.005347
                 143,            0.033423,            0.010084,           0.0060356,             0.91646,             0.83004,             0.86192,             0.36052,            0.028802,           0.0080098,           0.0040581,            0.005314,            0.005314,            0.005314
                 144,             0.03391,            0.010287,           0.0057838,             0.92248,             0.83226,             0.86666,             0.37497,            0.028543,           0.0078738,           0.0039311,            0.005281,            0.005281,            0.005281
                 145,            0.033516,            0.010047,           0.0061859,             0.93331,             0.83167,             0.86835,              0.3798,            0.026945,           0.0078037,           0.0038796,            0.005248,            0.005248,            0.005248
                 146,            0.031546,           0.0097398,           0.0053449,             0.92883,             0.82885,              0.8631,             0.38552,            0.027843,           0.0078117,           0.0035378,            0.005215,            0.005215,            0.005215
                 147,            0.035082,           0.0097673,           0.0055983,             0.92352,             0.82479,             0.86499,             0.40495,            0.027517,           0.0079609,           0.0035722,            0.005182,            0.005182,            0.005182
                 148,            0.033508,           0.0099299,           0.0054298,              0.9292,             0.83468,               0.866,             0.39873,            0.027863,           0.0079203,           0.0037132,            0.005149,            0.005149,            0.005149
                 149,            0.031345,            0.009484,           0.0047042,              0.9467,             0.82029,             0.87817,             0.40062,            0.028718,           0.0077426,           0.0037115,            0.005116,            0.005116,            0.005116
                 150,            0.033902,           0.0096422,           0.0047949,             0.93756,              0.8273,             0.87389,              0.3795,            0.027334,           0.0078149,           0.0037104,            0.005083,            0.005083,            0.005083
                 151,            0.032131,           0.0095485,           0.0058996,             0.92434,             0.83632,             0.87074,             0.40342,            0.028029,           0.0078814,             0.00437,             0.00505,             0.00505,             0.00505
                 152,            0.032284,           0.0097669,           0.0051489,             0.95038,             0.82004,             0.88001,             0.39403,            0.027169,           0.0079708,           0.0040275,            0.005017,            0.005017,            0.005017
                 153,            0.033472,           0.0098157,           0.0054271,             0.93719,             0.82829,             0.87786,             0.38446,            0.028108,           0.0079789,            0.004141,            0.004984,            0.004984,            0.004984
                 154,            0.031965,           0.0097295,           0.0052575,             0.93559,             0.83563,              0.8724,             0.39991,             0.02983,           0.0079594,           0.0038286,            0.004951,            0.004951,            0.004951
                 155,            0.033112,           0.0093805,           0.0051925,             0.92991,             0.83557,             0.87029,             0.38949,             0.02846,           0.0078648,           0.0036459,            0.004918,            0.004918,            0.004918
                 156,            0.031608,           0.0097894,           0.0047215,             0.90981,             0.82194,             0.86232,             0.38678,            0.027053,           0.0078658,           0.0034552,            0.004885,            0.004885,            0.004885
                 157,            0.032553,           0.0096977,           0.0053667,             0.92156,             0.81849,             0.87305,              0.3936,            0.028188,           0.0078335,           0.0034083,            0.004852,            0.004852,            0.004852
                 158,            0.033233,           0.0098472,           0.0046001,             0.94721,             0.80097,             0.87209,             0.40885,            0.026971,           0.0079445,            0.003674,            0.004819,            0.004819,            0.004819
                 159,            0.031633,            0.009608,             0.00544,             0.94088,             0.81222,             0.86368,              0.4098,            0.025906,            0.007958,           0.0037358,            0.004786,            0.004786,            0.004786
                 160,            0.031864,           0.0091997,           0.0044248,             0.94329,             0.81782,             0.87217,             0.39767,            0.027719,           0.0078305,           0.0038188,            0.004753,            0.004753,            0.004753
                 161,            0.034289,           0.0095873,           0.0061909,             0.91626,             0.82576,             0.86048,             0.39905,            0.026822,            0.007772,           0.0039005,             0.00472,             0.00472,             0.00472
                 162,            0.032272,           0.0097438,           0.0048063,             0.91343,             0.82803,             0.85475,             0.37884,            0.027502,           0.0080495,           0.0037703,            0.004687,            0.004687,            0.004687
                 163,             0.03246,           0.0096984,           0.0052044,              0.9327,             0.82028,             0.86117,             0.39498,            0.027456,           0.0079143,            0.003364,            0.004654,            0.004654,            0.004654
                 164,            0.030799,           0.0095849,           0.0051778,             0.93398,             0.81872,             0.87426,             0.40163,            0.026776,            0.007747,           0.0032572,            0.004621,            0.004621,            0.004621
                 165,            0.031758,           0.0096947,           0.0042525,             0.94005,             0.82322,              0.8812,             0.41817,            0.026778,           0.0077948,           0.0031789,            0.004588,            0.004588,            0.004588
                 166,            0.035501,            0.010064,           0.0060377,             0.92779,             0.83534,             0.87447,              0.4153,            0.026056,           0.0077647,           0.0030404,            0.004555,            0.004555,            0.004555
                 167,            0.030846,           0.0094243,           0.0049848,              0.9023,             0.82821,             0.86916,             0.39879,            0.026373,           0.0079389,           0.0033664,            0.004522,            0.004522,            0.004522
                 168,            0.031001,           0.0090815,           0.0044362,             0.93484,             0.83748,             0.88026,             0.40776,             0.02656,           0.0077503,           0.0032192,            0.004489,            0.004489,            0.004489
                 169,            0.030412,           0.0090898,           0.0048626,             0.95983,             0.80835,             0.87876,             0.39334,            0.027355,           0.0079826,            0.003098,            0.004456,            0.004456,            0.004456
                 170,            0.030943,           0.0096386,           0.0049019,             0.92051,             0.84519,             0.88594,             0.40969,            0.026882,           0.0078072,           0.0030892,            0.004423,            0.004423,            0.004423
                 171,            0.031085,           0.0094841,           0.0048431,             0.90066,             0.83598,             0.87868,               0.404,            0.026694,           0.0078206,           0.0032349,             0.00439,             0.00439,             0.00439
                 172,            0.031342,           0.0092693,            0.005044,             0.88494,             0.82983,             0.86368,             0.38746,            0.026797,           0.0077995,           0.0051577,            0.004357,            0.004357,            0.004357
                 173,            0.030165,           0.0096438,           0.0042543,             0.89785,              0.8319,             0.86991,             0.39999,            0.027576,           0.0078711,           0.0037392,            0.004324,            0.004324,            0.004324
                 174,            0.029534,           0.0094166,           0.0044765,              0.9275,             0.82521,              0.8683,             0.41528,            0.027286,           0.0077288,           0.0032801,            0.004291,            0.004291,            0.004291
                 175,            0.031488,           0.0094743,           0.0044643,             0.94122,             0.81787,             0.86881,             0.40958,            0.026243,           0.0078163,           0.0031619,            0.004258,            0.004258,            0.004258
                 176,            0.028729,           0.0096393,           0.0042397,              0.9325,             0.82613,             0.87161,             0.41614,            0.027074,           0.0077078,           0.0028735,            0.004225,            0.004225,            0.004225
                 177,            0.031616,           0.0096113,           0.0050012,             0.93269,             0.82828,             0.87751,             0.41521,            0.026181,           0.0076513,           0.0031104,            0.004192,            0.004192,            0.004192
                 178,             0.02983,           0.0091188,           0.0042808,             0.92595,             0.85754,             0.88044,             0.40717,             0.02638,            0.007586,           0.0029749,            0.004159,            0.004159,            0.004159
                 179,            0.030419,           0.0092322,            0.003979,              0.9208,             0.84034,             0.86848,             0.40907,            0.026979,            0.007622,           0.0029491,            0.004126,            0.004126,            0.004126
                 180,            0.029543,           0.0088295,           0.0040901,             0.93338,             0.81637,             0.86982,             0.40217,            0.026738,           0.0076551,           0.0033523,            0.004093,            0.004093,            0.004093
                 181,            0.032256,           0.0096175,            0.004138,             0.90942,             0.84163,             0.88455,             0.41759,            0.026295,           0.0075808,           0.0031791,             0.00406,             0.00406,             0.00406
                 182,            0.031254,           0.0093809,            0.003875,             0.92183,             0.85106,             0.88574,             0.41838,            0.025383,           0.0075424,           0.0028416,            0.004027,            0.004027,            0.004027
                 183,            0.030511,            0.009731,           0.0044497,             0.95321,             0.83001,              0.8881,              0.4157,            0.026093,           0.0076465,           0.0027049,            0.003994,            0.003994,            0.003994
                 184,            0.030694,           0.0089757,           0.0045524,             0.94684,             0.82641,             0.88076,             0.41605,            0.026038,           0.0076746,           0.0028475,            0.003961,            0.003961,            0.003961
                 185,            0.033054,           0.0095211,           0.0045246,             0.91321,             0.84571,             0.88057,             0.41697,            0.026873,           0.0076186,           0.0029089,            0.003928,            0.003928,            0.003928
                 186,            0.027736,           0.0092921,           0.0037509,             0.94969,               0.846,             0.89214,             0.41573,            0.026025,           0.0074936,           0.0028597,            0.003895,            0.003895,            0.003895
                 187,            0.032502,           0.0094823,           0.0049339,             0.95197,             0.82984,             0.87862,             0.40937,            0.028266,           0.0076431,           0.0028588,            0.003862,            0.003862,            0.003862
                 188,            0.029127,           0.0094062,           0.0039046,             0.93705,              0.8329,              0.8819,             0.41694,             0.02736,           0.0075596,            0.002784,            0.003829,            0.003829,            0.003829
                 189,            0.029611,            0.009189,           0.0038484,               0.936,             0.85031,             0.87532,             0.42136,            0.026187,           0.0075645,            0.002873,            0.003796,            0.003796,            0.003796
                 190,            0.029421,           0.0093313,           0.0037752,             0.94173,             0.84941,             0.88351,             0.42977,             0.02668,           0.0074983,           0.0027832,            0.003763,            0.003763,            0.003763
                 191,            0.029514,           0.0090186,           0.0040392,             0.94492,             0.82211,             0.87744,             0.40884,            0.026317,           0.0075194,           0.0028542,             0.00373,             0.00373,             0.00373
                 192,            0.029234,           0.0095574,           0.0043253,             0.94843,              0.8335,             0.88576,             0.41591,            0.026428,           0.0076119,           0.0027453,            0.003697,            0.003697,            0.003697
                 193,            0.030654,           0.0090844,           0.0044104,             0.94873,             0.83844,             0.89229,             0.41714,            0.027227,            0.007655,           0.0026576,            0.003664,            0.003664,            0.003664
                 194,             0.03167,           0.0092962,           0.0046957,             0.93698,             0.83062,             0.88743,             0.42185,             0.02703,           0.0075739,           0.0027885,            0.003631,            0.003631,            0.003631
                 195,            0.032391,           0.0096026,           0.0042616,             0.94602,             0.84498,               0.883,             0.41432,            0.025856,           0.0075097,           0.0027784,            0.003598,            0.003598,            0.003598
                 196,            0.029733,           0.0093953,           0.0043023,              0.9346,             0.83425,             0.87811,             0.42177,            0.025257,           0.0076489,           0.0028671,            0.003565,            0.003565,            0.003565
                 197,            0.029718,           0.0090822,           0.0041715,             0.94412,             0.82641,             0.88789,             0.41775,            0.026321,           0.0076405,           0.0030068,            0.003532,            0.003532,            0.003532
                 198,             0.02825,           0.0090816,           0.0040408,             0.94065,             0.82853,             0.88342,             0.42707,            0.025774,           0.0075131,           0.0033696,            0.003499,            0.003499,            0.003499
                 199,            0.028858,           0.0089032,           0.0038963,             0.91952,             0.84719,             0.88374,             0.42476,             0.02733,           0.0074859,           0.0031872,            0.003466,            0.003466,            0.003466
                 200,            0.031646,            0.009014,           0.0042983,             0.94607,             0.83585,             0.88894,             0.42291,            0.025724,           0.0075146,           0.0029479,            0.003433,            0.003433,            0.003433
                 201,            0.029584,           0.0091797,           0.0037353,             0.91126,             0.84796,             0.89209,              0.4194,            0.026546,           0.0075492,           0.0027135,              0.0034,              0.0034,              0.0034
                 202,            0.027773,           0.0092447,           0.0033439,             0.92602,             0.85685,             0.90412,             0.42807,            0.026948,           0.0075423,           0.0025622,            0.003367,            0.003367,            0.003367
                 203,            0.030022,           0.0091638,           0.0035156,             0.94023,             0.84142,             0.89645,             0.40802,            0.025819,           0.0075419,           0.0025645,            0.003334,            0.003334,            0.003334
                 204,            0.029499,           0.0092725,           0.0032185,             0.94127,             0.82666,             0.89152,             0.41492,             0.02505,           0.0075737,           0.0026233,            0.003301,            0.003301,            0.003301
                 205,            0.029807,           0.0089374,           0.0042307,               0.922,             0.83579,              0.8883,             0.42128,            0.028199,           0.0076096,           0.0025123,            0.003268,            0.003268,            0.003268
                 206,            0.029438,           0.0089675,           0.0031588,              0.9312,              0.8429,             0.88988,             0.42389,            0.026268,           0.0075284,           0.0026265,            0.003235,            0.003235,            0.003235
                 207,            0.029657,           0.0091722,           0.0040425,             0.92768,             0.87078,             0.90129,             0.42172,            0.026817,           0.0074307,           0.0027137,            0.003202,            0.003202,            0.003202
                 208,            0.028125,           0.0091543,           0.0038877,             0.91342,             0.87672,              0.8989,             0.42213,            0.025932,           0.0073908,           0.0026908,            0.003169,            0.003169,            0.003169
                 209,             0.02834,           0.0091297,           0.0036358,             0.94746,             0.86806,             0.90061,              0.4258,              0.0257,           0.0073837,           0.0025778,            0.003136,            0.003136,            0.003136
                 210,            0.029251,            0.009014,           0.0044022,             0.93826,              0.8626,             0.89752,             0.42105,            0.025049,           0.0073849,           0.0024667,            0.003103,            0.003103,            0.003103
                 211,            0.027338,            0.008805,           0.0039483,             0.94388,             0.84807,             0.88809,             0.41893,            0.025884,           0.0073715,           0.0024646,             0.00307,             0.00307,             0.00307
                 212,            0.027402,           0.0085605,           0.0031619,              0.9392,             0.86257,             0.89578,             0.42164,            0.025693,            0.007361,            0.002481,            0.003037,            0.003037,            0.003037
                 213,            0.030123,           0.0090922,           0.0039988,             0.94194,             0.84889,             0.89356,             0.42566,            0.025433,           0.0074707,           0.0025562,            0.003004,            0.003004,            0.003004
                 214,            0.028784,           0.0088759,            0.003515,             0.95201,             0.84067,             0.90098,             0.42613,            0.025822,           0.0075274,            0.002479,            0.002971,            0.002971,            0.002971
                 215,            0.030181,             0.00904,           0.0037702,             0.93302,             0.87183,             0.90448,             0.42639,            0.026612,           0.0073946,           0.0024624,            0.002938,            0.002938,            0.002938
                 216,            0.028589,           0.0085627,           0.0038126,             0.93106,             0.85785,             0.89465,             0.41987,            0.025175,           0.0074869,           0.0025959,            0.002905,            0.002905,            0.002905
                 217,            0.027689,            0.009148,           0.0034164,             0.92168,             0.86188,             0.89976,             0.42706,            0.025106,           0.0074198,           0.0026708,            0.002872,            0.002872,            0.002872
                 218,             0.02889,           0.0091048,           0.0034825,             0.95224,             0.83984,             0.89688,             0.42674,             0.02617,           0.0074733,            0.002373,            0.002839,            0.002839,            0.002839
                 219,             0.02824,           0.0091123,           0.0029552,             0.93893,             0.85896,             0.89204,             0.43194,            0.025175,           0.0074633,           0.0022572,            0.002806,            0.002806,            0.002806
                 220,             0.02806,           0.0083893,           0.0033639,             0.93734,             0.85754,             0.89865,             0.43219,            0.025557,           0.0074608,           0.0023282,            0.002773,            0.002773,            0.002773
                 221,             0.02974,           0.0090159,           0.0033994,             0.92816,             0.86559,             0.90177,             0.43015,             0.02445,           0.0075494,            0.002324,             0.00274,             0.00274,             0.00274
                 222,            0.029828,           0.0089354,           0.0032116,              0.9168,             0.84375,             0.88496,             0.42832,             0.02502,           0.0076655,           0.0024391,            0.002707,            0.002707,            0.002707
                 223,            0.028062,           0.0087802,           0.0033394,             0.89166,             0.85563,             0.88613,             0.41753,            0.025535,           0.0075758,            0.002478,            0.002674,            0.002674,            0.002674
                 224,            0.027958,           0.0089421,           0.0029743,             0.89679,             0.86431,             0.88676,             0.42655,            0.025453,           0.0075279,           0.0023852,            0.002641,            0.002641,            0.002641
                 225,            0.027897,           0.0085968,            0.004036,             0.88812,             0.87905,             0.89329,             0.41814,            0.024507,           0.0075962,           0.0025163,            0.002608,            0.002608,            0.002608
                 226,            0.027722,           0.0088854,           0.0034093,             0.90878,             0.85697,             0.88919,             0.42366,            0.024876,            0.007545,           0.0026364,            0.002575,            0.002575,            0.002575
                 227,            0.027003,           0.0088125,           0.0031672,             0.91114,             0.84634,             0.89012,             0.42476,            0.024947,           0.0076299,           0.0027816,            0.002542,            0.002542,            0.002542
                 228,            0.029434,            0.009254,           0.0037076,             0.92671,             0.85163,             0.89347,             0.43333,            0.025232,           0.0076372,           0.0028713,            0.002509,            0.002509,            0.002509
                 229,            0.027887,           0.0091017,           0.0030044,             0.92209,             0.85583,             0.89292,             0.42519,            0.024779,           0.0075948,           0.0028257,            0.002476,            0.002476,            0.002476
                 230,            0.028574,           0.0092528,           0.0035727,             0.90583,             0.86148,             0.88947,             0.42854,            0.025549,           0.0075296,           0.0026516,            0.002443,            0.002443,            0.002443
                 231,            0.026916,           0.0090383,           0.0036126,             0.92411,             0.83954,             0.89009,             0.42705,            0.025538,           0.0076398,           0.0025972,             0.00241,             0.00241,             0.00241
                 232,            0.028755,           0.0088499,           0.0030096,             0.91601,             0.86833,             0.89328,             0.42402,             0.02508,           0.0075154,           0.0025591,            0.002377,            0.002377,            0.002377
                 233,            0.025571,           0.0084259,           0.0028151,             0.92552,             0.86031,             0.89114,             0.42933,            0.025034,           0.0075204,           0.0023434,            0.002344,            0.002344,            0.002344
                 234,            0.028327,           0.0088997,           0.0035791,             0.95752,             0.83739,             0.89889,             0.42479,            0.025782,            0.007584,           0.0023518,            0.002311,            0.002311,            0.002311
                 235,            0.026143,           0.0090532,           0.0030247,              0.9524,             0.84012,             0.89712,             0.43111,            0.025074,           0.0074955,           0.0023913,            0.002278,            0.002278,            0.002278
                 236,            0.026734,            0.008927,           0.0035251,             0.95046,             0.85601,             0.89226,             0.42618,            0.024212,           0.0074713,           0.0026039,            0.002245,            0.002245,            0.002245
                 237,            0.026634,           0.0085682,           0.0031083,             0.94713,             0.85666,             0.89596,             0.42559,            0.025023,           0.0074616,           0.0026124,            0.002212,            0.002212,            0.002212
                 238,            0.027877,           0.0090625,           0.0031505,             0.95904,             0.85101,             0.89647,             0.42914,            0.024772,           0.0075419,           0.0024829,            0.002179,            0.002179,            0.002179
                 239,            0.027359,           0.0092459,           0.0032591,              0.9447,             0.85252,             0.88839,             0.42964,            0.024527,           0.0074915,           0.0025295,            0.002146,            0.002146,            0.002146
                 240,            0.027024,           0.0087894,           0.0029559,              0.9553,               0.831,             0.89417,             0.42641,            0.025099,            0.007579,           0.0027211,            0.002113,            0.002113,            0.002113
                 241,            0.027815,           0.0086725,           0.0028338,             0.92693,             0.83652,             0.88754,             0.43522,            0.025752,           0.0076568,           0.0028959,             0.00208,             0.00208,             0.00208
                 242,            0.025549,           0.0087937,           0.0026304,             0.92793,             0.83437,             0.88439,             0.42947,             0.02545,           0.0076503,           0.0029699,            0.002047,            0.002047,            0.002047
                 243,            0.026914,           0.0085982,           0.0027782,             0.95079,             0.83504,              0.8919,             0.42322,            0.025494,            0.007504,            0.003013,            0.002014,            0.002014,            0.002014
                 244,            0.026298,           0.0086829,           0.0027527,             0.94902,             0.84914,             0.89265,             0.43033,            0.025011,           0.0074363,           0.0029687,            0.001981,            0.001981,            0.001981
                 245,            0.027864,           0.0084803,           0.0026434,             0.95199,             0.84981,             0.89537,             0.43338,            0.025951,           0.0074873,           0.0029229,            0.001948,            0.001948,            0.001948
                 246,            0.026539,           0.0090378,           0.0029617,             0.95168,             0.84615,             0.89519,             0.42283,            0.026297,           0.0075152,           0.0028138,            0.001915,            0.001915,            0.001915
                 247,            0.026104,           0.0086424,           0.0027176,             0.95851,             0.84697,             0.90164,             0.43665,            0.025109,           0.0074692,            0.002665,            0.001882,            0.001882,            0.001882
                 248,            0.025795,           0.0086137,           0.0030115,             0.95504,             0.86149,             0.90691,             0.43768,            0.025729,           0.0074096,           0.0023977,            0.001849,            0.001849,            0.001849
                 249,             0.02818,            0.009111,           0.0031855,             0.94929,             0.86541,             0.90659,             0.43144,            0.024824,           0.0073274,           0.0024558,            0.001816,            0.001816,            0.001816
                 250,            0.027108,           0.0086764,           0.0034327,              0.9443,             0.86515,             0.90747,             0.43538,            0.024834,           0.0073952,           0.0026351,            0.001783,            0.001783,            0.001783
                 251,            0.027802,           0.0090756,           0.0034466,              0.9434,             0.85786,             0.89985,             0.44272,            0.025542,           0.0074468,           0.0028442,             0.00175,             0.00175,             0.00175
                 252,            0.027027,           0.0085738,           0.0028486,             0.92308,             0.86131,             0.89617,             0.44093,            0.025357,           0.0074144,            0.002891,            0.001717,            0.001717,            0.001717
                 253,            0.025786,           0.0085653,           0.0027097,             0.95523,             0.84906,             0.89893,             0.43555,            0.024821,           0.0074482,           0.0027239,            0.001684,            0.001684,            0.001684
                 254,            0.025723,            0.008828,           0.0027685,             0.96108,             0.85018,             0.90252,             0.43843,            0.024811,           0.0075607,           0.0025831,            0.001651,            0.001651,            0.001651
                 255,            0.026719,           0.0083993,           0.0027118,             0.96165,             0.83718,             0.90328,             0.44043,            0.025313,           0.0076712,            0.002624,            0.001618,            0.001618,            0.001618
                 256,            0.026205,           0.0090075,           0.0030413,             0.93881,             0.84546,             0.90178,             0.43588,            0.025017,           0.0076394,           0.0026789,            0.001585,            0.001585,            0.001585
                 257,            0.024707,           0.0086549,           0.0023776,             0.95537,              0.8474,             0.89952,             0.43146,            0.025775,           0.0076207,           0.0024109,            0.001552,            0.001552,            0.001552
                 258,            0.024821,           0.0086268,           0.0025258,             0.95137,             0.85454,             0.90106,             0.43468,            0.025369,           0.0075673,           0.0024234,            0.001519,            0.001519,            0.001519
                 259,            0.027345,           0.0089071,           0.0028144,             0.94927,             0.84048,             0.89144,              0.4334,            0.025167,            0.007537,           0.0026404,            0.001486,            0.001486,            0.001486
                 260,            0.024501,           0.0086856,           0.0023668,             0.94547,              0.8396,             0.89046,             0.44074,            0.024981,           0.0074792,           0.0026464,            0.001453,            0.001453,            0.001453
                 261,            0.026029,           0.0086351,            0.002367,             0.94713,             0.85185,             0.89841,             0.43269,            0.024853,           0.0074089,           0.0025186,             0.00142,             0.00142,             0.00142
                 262,            0.027011,           0.0086343,           0.0025958,             0.95485,             0.86287,             0.90702,             0.44237,            0.025351,           0.0073989,           0.0025058,            0.001387,            0.001387,            0.001387
                 263,            0.026744,           0.0086297,           0.0029362,             0.94913,             0.86833,             0.90668,             0.44386,            0.025064,           0.0074055,           0.0025654,            0.001354,            0.001354,            0.001354
                 264,            0.027028,           0.0090422,           0.0034221,             0.95598,             0.85872,             0.90146,             0.44702,            0.025102,           0.0074055,           0.0025724,            0.001321,            0.001321,            0.001321
                 265,            0.025274,           0.0084918,           0.0025759,             0.95791,             0.85447,             0.90752,             0.44151,            0.025192,           0.0073863,           0.0024548,            0.001288,            0.001288,            0.001288
                 266,            0.025822,           0.0088631,           0.0027741,             0.94115,             0.86472,             0.90465,             0.44226,            0.025012,            0.007342,           0.0025017,            0.001255,            0.001255,            0.001255
                 267,            0.024989,           0.0082965,           0.0028239,             0.94556,             0.86106,              0.9036,             0.44343,            0.025536,           0.0073381,           0.0026402,            0.001222,            0.001222,            0.001222
                 268,            0.027809,           0.0087976,           0.0029665,             0.95228,             0.85769,             0.90422,             0.44559,            0.024429,           0.0073599,           0.0025393,            0.001189,            0.001189,            0.001189
                 269,            0.026179,           0.0085073,           0.0025689,             0.95515,             0.85983,             0.90236,             0.44226,            0.024435,           0.0073616,           0.0024006,            0.001156,            0.001156,            0.001156
                 270,            0.027386,           0.0086842,           0.0029215,             0.93548,             0.86957,             0.90111,             0.44106,            0.024201,           0.0073498,           0.0024692,            0.001123,            0.001123,            0.001123
                 271,            0.024496,           0.0085956,           0.0026513,             0.91334,             0.88201,             0.90072,             0.44901,            0.024144,           0.0073902,           0.0025476,             0.00109,             0.00109,             0.00109
                 272,            0.026247,           0.0083827,           0.0028733,             0.91968,             0.88181,             0.90777,             0.44806,            0.024789,           0.0074296,           0.0026117,            0.001057,            0.001057,            0.001057
                 273,            0.024104,           0.0081501,           0.0025261,             0.95168,             0.85198,             0.90581,             0.45184,            0.024457,           0.0074257,           0.0025665,            0.001024,            0.001024,            0.001024
                 274,            0.025731,           0.0085573,           0.0027199,              0.9601,             0.85123,             0.90674,             0.44329,            0.025022,           0.0073997,           0.0026072,            0.000991,            0.000991,            0.000991
                 275,            0.023653,           0.0085523,           0.0023522,             0.95683,             0.85959,             0.90916,             0.44855,            0.023828,           0.0073571,            0.002556,            0.000958,            0.000958,            0.000958
                 276,            0.025831,           0.0084533,           0.0027744,             0.95332,              0.8519,             0.90482,             0.44848,            0.023798,            0.007348,           0.0024881,            0.000925,            0.000925,            0.000925
                 277,            0.024144,            0.008477,           0.0021987,             0.94585,             0.86041,             0.90683,              0.4454,            0.024425,           0.0073497,           0.0024978,            0.000892,            0.000892,            0.000892
                 278,            0.024418,           0.0085461,           0.0025511,              0.9286,             0.87089,             0.90516,             0.44253,            0.024326,           0.0073268,           0.0025016,            0.000859,            0.000859,            0.000859
                 279,            0.025575,           0.0085372,           0.0028397,             0.93699,             0.88043,             0.91356,             0.44551,            0.024763,           0.0073163,           0.0024263,            0.000826,            0.000826,            0.000826
                 280,            0.024555,           0.0087159,           0.0027782,             0.93637,             0.87529,             0.90964,             0.44981,            0.025224,           0.0073081,           0.0024003,            0.000793,            0.000793,            0.000793
                 281,            0.024851,           0.0085383,           0.0031663,             0.95354,             0.85573,             0.90918,             0.44395,            0.024808,           0.0073528,           0.0024542,             0.00076,             0.00076,             0.00076
                 282,             0.02638,            0.008467,           0.0029603,              0.9502,             0.85506,             0.91093,             0.44659,            0.024865,           0.0074061,            0.002418,            0.000727,            0.000727,            0.000727
                 283,            0.024854,           0.0084261,           0.0028083,             0.95734,             0.85227,             0.90789,             0.44552,            0.024839,            0.007386,           0.0024073,            0.000694,            0.000694,            0.000694
                 284,            0.024596,           0.0086621,           0.0020885,             0.95861,             0.85366,             0.90835,             0.44873,            0.024718,           0.0073525,           0.0023614,            0.000661,            0.000661,            0.000661
                 285,            0.023397,           0.0083822,           0.0021618,             0.95795,             0.85596,             0.90725,             0.44862,            0.024176,           0.0073765,           0.0023396,            0.000628,            0.000628,            0.000628
                 286,            0.024877,           0.0083881,           0.0027719,             0.96084,             0.85697,             0.91012,             0.45198,            0.023995,           0.0073802,           0.0022854,            0.000595,            0.000595,            0.000595
                 287,            0.024057,           0.0085749,           0.0026124,             0.95635,             0.85634,             0.90908,             0.44757,            0.024171,           0.0073638,           0.0022211,            0.000562,            0.000562,            0.000562
                 288,            0.023699,           0.0083626,           0.0024524,              0.9561,             0.86034,             0.91114,             0.44967,            0.024322,           0.0073347,           0.0022824,            0.000529,            0.000529,            0.000529
                 289,            0.025753,           0.0086059,            0.002519,             0.95459,             0.86113,             0.91016,             0.44878,            0.024486,           0.0073561,           0.0023884,            0.000496,            0.000496,            0.000496
                 290,            0.024708,           0.0080151,           0.0035061,             0.95212,             0.85851,              0.9105,             0.44754,            0.024343,            0.007402,           0.0024299,            0.000463,            0.000463,            0.000463
                 291,            0.023982,           0.0084204,            0.002615,             0.95062,             0.85402,             0.90785,             0.45151,            0.024578,           0.0074097,           0.0023346,             0.00043,             0.00043,             0.00043
                 292,             0.02478,           0.0083868,           0.0022699,             0.95252,             0.86145,             0.91104,             0.44962,            0.024526,           0.0073934,           0.0022255,            0.000397,            0.000397,            0.000397
                 293,            0.024377,            0.008425,            0.002347,             0.95715,             0.85835,             0.91244,             0.45138,            0.024501,           0.0073547,           0.0022373,            0.000364,            0.000364,            0.000364
                 294,            0.023983,           0.0083905,           0.0026276,              0.9522,             0.85862,             0.90929,             0.44984,            0.024781,           0.0073497,           0.0022208,            0.000331,            0.000331,            0.000331
                 295,            0.022979,            0.008414,           0.0023532,              0.9512,             0.85879,             0.90857,             0.44753,            0.023973,           0.0073598,           0.0021487,            0.000298,            0.000298,            0.000298
                 296,            0.024746,             0.00821,           0.0025927,             0.95665,             0.85663,             0.90861,             0.45008,            0.023619,           0.0073633,           0.0021216,            0.000265,            0.000265,            0.000265
                 297,            0.023114,            0.008774,           0.0022744,             0.95164,             0.86055,             0.90842,              0.4503,            0.023911,           0.0073737,           0.0020958,            0.000232,            0.000232,            0.000232
                 298,            0.025127,           0.0085471,           0.0026554,             0.94681,             0.86165,               0.909,             0.45066,            0.024125,           0.0073642,           0.0021267,            0.000199,            0.000199,            0.000199
                 299,            0.022685,           0.0082328,           0.0019457,             0.94948,              0.8606,             0.90911,             0.45232,            0.024524,           0.0073612,           0.0020841,            0.000166,            0.000166,            0.000166
